"Address","Content Type","Status Code","Status","Indexability","Indexability Status","Title 1","Title 1 Length","Title 1 Pixel Width","Meta Description 1","Meta Description 1 Length","Meta Description 1 Pixel Width","Meta Keywords 1","Meta Keywords 1 Length","H1-1","H1-1 Length","H1-2","H1-2 Length","H2-1","H2-1 Length","H2-2","H2-2 Length","Meta Robots 1","X-Robots-Tag 1","Meta Refresh 1","Canonical Link Element 1","rel=""next"" 1","rel=""prev"" 1","HTTP rel=""next"" 1","HTTP rel=""prev"" 1","amphtml Link Element","Size (Bytes)","Transferred (Bytes)","Total Transferred (Bytes)","CO2 (mg)","Carbon Rating","Word Count","Sentence Count","Average Words Per Sentence","Flesch Reading Ease Score","Readability","Text Ratio","Crawl Depth","Folder Depth","Link Score","Inlinks","Unique Inlinks","Unique JS Inlinks","% of Total","Outlinks","Unique Outlinks","Unique JS Outlinks","External Outlinks","Unique External Outlinks","Unique External JS Outlinks","Closest Near Duplicate Match","No. Near Duplicates","Spelling Errors","Grammar Errors","Hash","Response Time","Last Modified","Redirect URL","Redirect Type","Cookies","Language","HTTP Version","GA4 Sessions","GA4 Views","GA4 Engaged sessions","GA4 Engagement rate","GA4 Key events","GA4 Event count","GA4 Total revenue","Clicks","Impressions","CTR","Position","Performance Score","First Contentful Paint Time (ms)","Speed Index Time (ms)","Largest Contentful Paint Time (ms)","Time to Interactive (ms)","Total Blocking Time (ms)","Cumulative Layout Shift","Total Size Savings (Bytes)","Total Time Savings (ms)","Total Requests","Total Page Size (Bytes)","HTML Size (Bytes)","HTML Count","Image Size (Bytes)","Image Count","CSS Size (Bytes)","CSS Count","JavaScript Size (Bytes)","JavaScript Count","Font Size (Bytes)","Font Count","Media Size (Bytes)","Media Count","Other Size (Bytes)","Other Count","Third Party Size (Bytes)","Third Party Count","Core Web Vitals Assessment","CrUX Largest Contentful Paint Time (ms)","CrUX Interaction to Next Paint (ms)","CrUX Cumulative Layout Shift","CrUX First Contentful Paint Time (ms)","Minify CSS Savings (ms)","Minify CSS Savings (Bytes)","Minify JavaScript Savings (ms)","Minify JavaScript Savings (Bytes)","Reduce Unused CSS Savings (ms)","Reduce Unused CSS Savings (Bytes)","Reduce Unused JavaScript Savings (ms)","Reduce Unused JavaScript Savings (Bytes)","JavaScript Execution Time (ms)","JavaScript Execution Time Category","Minimize Main-Thread Work (ms)","Minimize Main-Thread Work Category","Network Payload Size (Bytes)","User Timing Marks and Measures","Number of Redirects","Server Responds Quickly","Applies Text Compression","LCP Request Discovery","LCP Breakdown","Render Blocking Requests Savings (ms)","Preconnect Candidates Savings (ms)","Maximum Critical Path Latency (ms)","Use Efficient Cache Lifetimes Savings (Bytes)","Layout Shift Culprits","DOM Size","Improve Image Delivery Savings (Bytes)","Forced Reflow Savings (ms)","Legacy JavaScript Savings (Bytes)","Duplicated JavaScript (Bytes)","Font Display Savings (ms)","3rd Parties","Target Size","Content Width","Font Display Size","Viewport","Mobile Alternate Link","Closest Semantically Similar Address","Semantic Similarity Score","No. Semantically Similar","Semantic Relevance Score","URL Encoded Address","Crawl Timestamp"
"https://www.conair-extractsolutions.co.uk/","text/html; charset=UTF-8","200","OK","Indexable","","ConAir extract Solutions - kitchen extract ductwork ventilation fan cleaning | Con Air Extract Solutions","104","901","ConAir extract Solutions - Kitchen, Extraction Fan, Cleaning Specialists, Ductwork cleaning and Modification, Ventilation System cleaning.","138","843","","0","","0","","0","Before Cleaning process","23","After Cleaning process","22","noodp","","","https://www.conair-extractsolutions.co.uk/","","","","","","29667","7029","7029","1.042","","263","58","4.534","69.703","Normal","5.764","0","0","","27","13","0","100.000","21","19","0","5","3","0","","","","","7344d7ec7c04c890247d64e8f40277e8","0.713","","","","","en-US","1.1","","","","","","","","","","","","51","1898.943","14721.635","7343.242","7343.242","0.000","0.267","10566","0","34","2219880","7443","1","2062106","10","27653","11","77995","11","44683","1","0","0","0","0","5164","4","","","","","","0","0","0","0","0","10566","0","0","168.864","Good","391.764","Good","2219880","0","Avoids redirects","Server responds quickly (observed 1 ms)","Applies text compression","1 issue found","4 resources found","5750","","8749","2207273","2 resources found","225","1527540","0","0","","85","1 resource found","100","","","100","","","","","","https://www.conair-extractsolutions.co.uk/","2026-06-03 09:13:28"
"https://www.conair-extractsolutions.co.uk/tag/extraction/","text/html; charset=iso-8859-1","503","Service Unavailable","Non-Indexable","Server Error","","0","0","","0","0","","0","","0","","0","","0","","0","","","","","","","","","","468","468","468","0.069","","0","","","","","0.000","1","2","","13","13","0","100.000","0","0","0","0","0","0","","","","","","4.411","","","","","","1.1","","","","","","","","","","","","","","","","","","","","","","","","","","","","","","","","","","","","","","","","","","","","","","","","","","","","","","","","","","","","","","","","","","","","","","","","","","","","","","","","","","","","https://www.conair-extractsolutions.co.uk/tag/extraction/","2026-06-03 09:13:30"
"https://www.conair-extractsolutions.co.uk/why-clean-extract-systems/","text/html; charset=iso-8859-1","503","Service Unavailable","Non-Indexable","Server Error","","0","0","","0","0","","0","","0","","0","","0","","0","","","","","","","","","","468","468","468","0.069","","0","","","","","0.000","1","1","","22","13","0","100.000","0","0","0","0","0","0","","","","","","5.002","","","","","","1.1","","","","","","","","","","","","","","","","","","","","","","","","","","","","","","","","","","","","","","","","","","","","","","","","","","","","","","","","","","","","","","","","","","","","","","","","","","","","","","","","","","","","https://www.conair-extractsolutions.co.uk/why-clean-extract-systems/","2026-06-03 09:13:30"
"https://www.conair-extractsolutions.co.uk/kitchen-extract-cleaning-weston-super-mare/","text/html; charset=iso-8859-1","503","Service Unavailable","Non-Indexable","Server Error","","0","0","","0","0","","0","","0","","0","","0","","0","","","","","","","","","","468","468","468","0.069","","0","","","","","0.000","1","1","","22","13","0","100.000","0","0","0","0","0","0","","","","","","5.597","","","","","","1.1","","","","","","","","","","","","","","","","","","","","","","","","","","","","","","","","","","","","","","","","","","","","","","","","","","","","","","","","","","","","","","","","","","","","","","","","","","","","","","","","","","","","https://www.conair-extractsolutions.co.uk/kitchen-extract-cleaning-weston-super-mare/","2026-06-03 09:13:30"
"https://www.conair-extractsolutions.co.uk/tag/ductwork/","text/html; charset=UTF-8","200","OK","Indexable","","Ductwork Archives - Con Air Extract Solutions | Con Air Extract Solutions","73","639","","0","0","","0","Ductwork","8","","0","Papas Traditional Fish & Chips","30","Cafe la Mer","11","","","","https://www.conair-extractsolutions.co.uk/tag/ductwork/","","","","","","23901","6420","6420","0.951","","253","63","4.016","81.376","Easy","6.452","1","2","","16","13","0","100.000","34","24","0","5","3","0","","","","","245993e9e8abf6818b0d453ab4260bf2","6.205","","","","","en-US","1.1","","","","","","","","","","","","91","785.000","10163.220","785.000","785.000","0.000","0.000","0","0","1","601","601","1","0","0","0","0","0","0","0","0","0","0","0","0","0","0","","","","","","0","0","0","0","0","0","0","0","0.000","","35.629","Good","601","0","Avoids redirects","Server responds quickly (observed 1 ms)","Applies text compression","","2 resources found","0","","0","0","","5","0","0","0","","0","","100","","","50","","","","","","https://www.conair-extractsolutions.co.uk/tag/ductwork/","2026-06-03 09:13:30"
"https://www.conair-extractsolutions.co.uk/tag/kitchen-cleaning/","text/html; charset=UTF-8","200","OK","Indexable","","Kitchen Cleaning Archives - Con Air Extract Solutions | Con Air Extract Solutions","81","706","","0","0","","0","Kitchen Cleaning","16","","0","Papas Traditional Fish & Chips","30","Cafe la Mer","11","","","","https://www.conair-extractsolutions.co.uk/tag/kitchen-cleaning/","","","","","","24869","6568","6568","0.973","","297","70","4.243","84.886","Easy","7.122","1","2","","17","13","0","100.000","37","25","0","5","3","0","","","","","2b53d6f6c01181d82122cde5d2a48d4c","6.410","","","","","en-US","1.1","","","","","","","","","","","","91","783.000","10165.827","783.000","783.000","0.000","0.000","0","0","1","601","601","1","0","0","0","0","0","0","0","0","0","0","0","0","0","0","","","","","","0","0","0","0","0","0","0","0","0.000","","26.800","Good","601","0","Avoids redirects","Server responds quickly (observed 1 ms)","Applies text compression","","2 resources found","0","","0","0","","5","0","0","0","","0","","100","","","50","","","","","","https://www.conair-extractsolutions.co.uk/tag/kitchen-cleaning/","2026-06-03 09:13:30"
"https://www.conair-extractsolutions.co.uk/tag/ventilation-cleaning/","text/html; charset=UTF-8","200","OK","Indexable","","Ventilation Cleaning Archives - Con Air Extract Solutions | Con Air Extract Solutions","85","735","","0","0","","0","Ventilation Cleaning","20","","0","Papas Traditional Fish & Chips","30","Cafe la Mer","11","","","","https://www.conair-extractsolutions.co.uk/tag/ventilation-cleaning/","","","","","","23997","6426","6426","0.952","","254","63","4.032","80.506","Easy","6.476","1","2","","16","13","0","100.000","34","24","0","5","3","0","","","","","d49022e0b7e790c7cf328d3f4aa92e2d","6.520","","","","","en-US","1.1","","","","","","","","","","","","90","784.000","11733.363","784.000","784.000","0.000","0.000","0","0","1","601","601","1","0","0","0","0","0","0","0","0","0","0","0","0","0","0","","","","","","0","0","0","0","0","0","0","0","0.000","","32.761","Good","601","0","Avoids redirects","Server responds quickly (observed 1 ms)","Applies text compression","","2 resources found","0","","0","0","","5","0","0","0","","0","","100","","","50","","","","","","https://www.conair-extractsolutions.co.uk/tag/ventilation-cleaning/","2026-06-03 09:13:30"
"https://www.conair-extractsolutions.co.uk/kitchen-extract-system-cleaning-services/","text/html; charset=UTF-8","200","OK","Indexable","","kitchen extract system cleaning services | Con Air Extract Solutions","68","598","Kitchen Extract System Cleaning Services. We also Supply and Install, Ductwork, Access Doors, Fans, Filters, Canopies. - Conair Extract Solutions","145","888","","0","Kitchen Extract System Cleaning Services","40","","0","","0","","0","noodp","","","https://www.conair-extractsolutions.co.uk/kitchen-extract-system-cleaning-services/","","","","","","24776","6680","6680","0.990","","307","72","4.264","70.234","Fairly Easy","7.786","1","1","","23","13","0","100.000","28","21","0","5","3","0","","","","","b6a98204d6c54e4db6e5bc9f7d1b93c5","6.599","","","","","en-US","1.1","","","","","","","","","","","","91","786.000","11508.723","786.000","786.000","0.000","0.000","0","0","1","601","601","1","0","0","0","0","0","0","0","0","0","0","0","0","0","0","","","","","","0","0","0","0","0","0","0","0","0.000","","38.563","Good","601","0","Avoids redirects","Server responds quickly (observed 1 ms)","Applies text compression","","2 resources found","0","","0","0","","5","0","0","0","","0","","100","","","50","","","","","","https://www.conair-extractsolutions.co.uk/kitchen-extract-system-cleaning-services/","2026-06-03 09:13:30"
"https://www.conair-extractsolutions.co.uk/tarentella/","text/html; charset=UTF-8","200","OK","Indexable","","Tarentella - Con Air Extract Solutions | Con Air Extract Solutions","66","564","","0","0","","0","Recent Projects","15","Tarentella","10","","0","","0","","","","https://www.conair-extractsolutions.co.uk/tarentella/","","","","","","24407","6571","6571","0.974","","202","54","3.741","79.070","Fairly Easy","5.248","1","1","","15","13","0","100.000","31","22","0","6","4","0","","","","","e0d367ab198f55ed2adb9242644d29a5","6.702","","","","","en-US","1.1","","","","","","","","","","","","91","785.000","11396.008","785.000","785.000","0.000","0.000","0","0","1","601","601","1","0","0","0","0","0","0","0","0","0","0","0","0","0","0","","","","","","0","0","0","0","0","0","0","0","0.000","","47.783","Good","601","0","Avoids redirects","Server responds quickly (observed 1 ms)","Applies text compression","","2 resources found","0","","0","0","","5","0","0","0","","0","","100","","","50","","","","","","https://www.conair-extractsolutions.co.uk/tarentella/","2026-06-03 09:13:30"
"https://www.conair-extractsolutions.co.uk/tag/kitchen-ventilation-cleaning/","text/html; charset=UTF-8","200","OK","Indexable","","Kitchen Ventilation Cleaning Archives - Con Air Extract Solutions | Con Air Extract Solutions","93","808","","0","0","","0","Kitchen Ventilation Cleaning","28","","0","Cafe la Mer","11","Raddy’s Cafe Bar","16","","","","https://www.conair-extractsolutions.co.uk/tag/kitchen-ventilation-cleaning/","","","","","","24010","6409","6409","0.950","","253","61","4.148","82.915","Easy","6.406","1","2","","16","13","0","100.000","34","24","0","5","3","0","","","","","6e23eb4c51daefd4d22834bcf2131824","6.696","","","","","en-US","1.1","","","","","","","","","","","","","","","","","","","","","","","","","","","","","","","","","","","","","","","","","","","","","","","","","","","","","","","","","","","","","","","","","","","","","","","","","","","","","","","","","","","","https://www.conair-extractsolutions.co.uk/tag/kitchen-ventilation-cleaning/","2026-06-03 09:13:30"
"https://www.conair-extractsolutions.co.uk/gallery/","text/html; charset=UTF-8","200","OK","Indexable","","Gallery - Con Air Extract Solutions | Con Air Extract Solutions","63","535","","0","0","","0","Gallery","7","","0","","0","","0","","","","https://www.conair-extractsolutions.co.uk/gallery/","","","","","","27441","6476","6476","0.960","","172","50","3.440","78.411","Fairly Easy","4.024","1","1","","28","13","0","100.000","38","30","0","5","3","0","","","","","f6e2bb01f1111cc26daab9a2ed0489c8","6.806","","","","","en-US","1.1","","","","","","","","","","","","87","2155.862","2856.934","3657.580","3657.580","0.000","0.000","10480","0","37","566208","6832","1","403644","12","27702","11","83347","12","44683","1","0","0","0","0","5213","4","","","","","","0","0","0","0","0","10480","0","0","101.780","Good","256.795","Good","566208","0","Avoids redirects","Server responds quickly (observed 1 ms)","Applies text compression","1 issue found","4 resources found","5274","","985","554163","1 resource found","232","322318","0","0","","30","1 resource found","100","","","100","","","","","","https://www.conair-extractsolutions.co.uk/gallery/","2026-06-03 09:13:30"
"https://www.conair-extractsolutions.co.uk/kichen-extract-cleaning/","text/html; charset=iso-8859-1","503","Service Unavailable","Non-Indexable","Server Error","","0","0","","0","0","","0","","0","","0","","0","","0","","","","","","","","","","468","468","468","0.069","","0","","","","","0.000","1","1","","22","13","0","100.000","0","0","0","0","0","0","","","","","","6.093","","","","","","1.1","","","","","","","","","","","","","","","","","","","","","","","","","","","","","","","","","","","","","","","","","","","","","","","","","","","","","","","","","","","","","","","","","","","","","","","","","","","","","","","","","","","","https://www.conair-extractsolutions.co.uk/kichen-extract-cleaning/","2026-06-03 09:13:35"
"https://www.conair-extractsolutions.co.uk/category/testimonials/","text/html; charset=iso-8859-1","503","Service Unavailable","Non-Indexable","Server Error","","0","0","","0","0","","0","","0","","0","","0","","0","","","","","","","","","","468","468","468","0.069","","0","","","","","0.000","1","2","","13","13","0","100.000","0","0","0","0","0","0","","","","","","7.367","","","","","","1.1","","","","","","","","","","","","","","","","","","","","","","","","","","","","","","","","","","","","","","","","","","","","","","","","","","","","","","","","","","","","","","","","","","","","","","","","","","","","","","","","","","","","https://www.conair-extractsolutions.co.uk/category/testimonials/","2026-06-03 09:13:34"
"https://www.conair-extractsolutions.co.uk/hadleys-at-number-one/","text/html; charset=iso-8859-1","503","Service Unavailable","Non-Indexable","Server Error","","0","0","","0","0","","0","","0","","0","","0","","0","","","","","","","","","","468","468","468","0.069","","0","","","","","0.000","1","1","","14","13","0","100.000","0","0","0","0","0","0","","","","","","5.897","","","","","","1.1","","","","","","","","","","","","","","","","","","","","","","","","","","","","","","","","","","","","","","","","","","","","","","","","","","","","","","","","","","","","","","","","","","","","","","","","","","","","","","","","","","","","https://www.conair-extractsolutions.co.uk/hadleys-at-number-one/","2026-06-03 09:13:37"
"https://www.conair-extractsolutions.co.uk/the-old-vicarage-nursing-home-bridgwater/","text/html; charset=iso-8859-1","503","Service Unavailable","Non-Indexable","Server Error","","0","0","","0","0","","0","","0","","0","","0","","0","","","","","","","","","","468","468","468","0.069","","0","","","","","0.000","1","1","","15","13","0","100.000","0","0","0","0","0","0","","","","","","6.249","","","","","","1.1","","","","","","","","","","","","","","","","","","","","","","","","","","","","","","","","","","","","","","","","","","","","","","","","","","","","","","","","","","","","","","","","","","","","","","","","","","","","","","","","","","","","https://www.conair-extractsolutions.co.uk/the-old-vicarage-nursing-home-bridgwater/","2026-06-03 09:13:37"
"https://www.conair-extractsolutions.co.uk/the-milton-larder/","text/html; charset=iso-8859-1","503","Service Unavailable","Non-Indexable","Server Error","","0","0","","0","0","","0","","0","","0","","0","","0","","","","","","","","","","468","468","468","0.069","","0","","","","","0.000","1","1","","15","13","0","100.000","0","0","0","0","0","0","","","","","","7.315","","","","","","1.1","","","","","","","","","","","","","","","","","","","","","","","","","","","","","","","","","","","","","","","","","","","","","","","","","","","","","","","","","","","","","","","","","","","","","","","","","","","","","","","","","","","","https://www.conair-extractsolutions.co.uk/the-milton-larder/","2026-06-03 09:13:36"
"https://www.conair-extractsolutions.co.uk/banwell-garden-centre-coffee-shop/","text/html; charset=iso-8859-1","503","Service Unavailable","Non-Indexable","Server Error","","0","0","","0","0","","0","","0","","0","","0","","0","","","","","","","","","","468","468","468","0.069","","0","","","","","0.000","1","1","","15","13","0","100.000","0","0","0","0","0","0","","","","","","7.736","","","","","","1.1","","","","","","","","","","","","","","","","","","","","","","","","","","","","","","","","","","","","","","","","","","","","","","","","","","","","","","","","","","","","","","","","","","","","","","","","","","","","","","","","","","","","https://www.conair-extractsolutions.co.uk/banwell-garden-centre-coffee-shop/","2026-06-03 09:13:37"
"https://www.conair-extractsolutions.co.uk/tag/cleaning/","text/html; charset=UTF-8","200","OK","Indexable","","Cleaning Archives - Con Air Extract Solutions | Con Air Extract Solutions","73","633","","0","0","","0","Cleaning","8","","0","Papas Traditional Fish & Chips","30","Cafe la Mer","11","","","","https://www.conair-extractsolutions.co.uk/tag/cleaning/","","","","","","24804","6556","6556","0.972","","296","70","4.229","85.075","Easy","7.108","1","2","","17","13","0","100.000","37","25","0","5","3","0","","","","","43555ce8d80e6938a08ff62c83f6b33f","7.935","","","","","en-US","1.1","","","","","","","","","","","","","","","","","","","","","","","","","","","","","","","","","","","","","","","","","","","","","","","","","","","","","","","","","","","","","","","","","","","","","","","","","","","","","","","","","","","","https://www.conair-extractsolutions.co.uk/tag/cleaning/","2026-06-03 09:13:37"
"https://www.conair-extractsolutions.co.uk/portfolio-item/ductwork-cleaning-before-and-after-1-2/","text/html; charset=UTF-8","200","OK","Indexable","","Ductwork Cleaning Before and After-2 - Con Air Extract Solutions | Con Air Extract Solutions","92","809","","0","0","","0","Ductwork Cleaning Before and After-2","36","","0","","0","","0","","","","https://www.conair-extractsolutions.co.uk/portfolio-item/ductwork-cleaning-before-and-after-1-2/","","","","","","25332","6457","6457","0.957","","138","37","3.730","76.149","Fairly Easy","3.805","2","2","","2","2","0","15.380","28","27","0","5","3","0","","","","","ab12272d6ddb33cff3cbb5042ed94cef","7.106","","","","","en-US","1.1","","","","","","","","","","","","86","2057.856","15456.642","2340.648","2340.648","0.000","0.000","10723","0","31","232442","6813","1","75939","8","27653","11","77354","10","44683","1","0","0","0","0","5164","4","","","","","","0","0","0","0","0","10723","0","0","147.665","Good","439.656","Good","232442","0","Avoids redirects","Server responds quickly (observed 2 ms)","Applies text compression","1 issue found","4 resources found","5750","","10328","220465","1 resource found","201","36093","0","0","","50","1 resource found","100","","","100","","","","","","https://www.conair-extractsolutions.co.uk/portfolio-item/ductwork-cleaning-before-and-after-1-2/","2026-06-03 09:13:38"
"https://www.conair-extractsolutions.co.uk/portfolio-item/before-and-after-2/","text/html; charset=iso-8859-1","503","Service Unavailable","Non-Indexable","Server Error","","0","0","","0","0","","0","","0","","0","","0","","0","","","","","","","","","","468","468","468","0.069","","0","","","","","0.000","2","2","","1","1","0","7.690","0","0","0","0","0","0","","","","","","9.219","","","","","","1.1","","","","","","","","","","","","","","","","","","","","","","","","","","","","","","","","","","","","","","","","","","","","","","","","","","","","","","","","","","","","","","","","","","","","","","","","","","","","","","","","","","","","https://www.conair-extractsolutions.co.uk/portfolio-item/before-and-after-2/","2026-06-03 09:13:37"
"https://www.conair-extractsolutions.co.uk/portfolio-item/canopy-cleaning/","text/html; charset=iso-8859-1","503","Service Unavailable","Non-Indexable","Server Error","","0","0","","0","0","","0","","0","","0","","0","","0","","","","","","","","","","468","468","468","0.069","","0","","","","","0.000","2","2","","1","1","0","7.690","0","0","0","0","0","0","","","","","","7.992","","","","","","1.1","","","","","","","","","","","","","","","","","","","","","","","","","","","","","","","","","","","","","","","","","","","","","","","","","","","","","","","","","","","","","","","","","","","","","","","","","","","","","","","","","","","","https://www.conair-extractsolutions.co.uk/portfolio-item/canopy-cleaning/","2026-06-03 09:13:41"
"https://www.conair-extractsolutions.co.uk/portfolio-item/ductwork-modification-and-cleaning/","text/html; charset=iso-8859-1","503","Service Unavailable","Non-Indexable","Server Error","","0","0","","0","0","","0","","0","","0","","0","","0","","","","","","","","","","468","468","468","0.069","","0","","","","","0.000","2","2","","2","2","0","15.380","0","0","0","0","0","0","","","","","","7.784","","","","","","1.1","","","","","","","","","","","","","","","","","","","","","","","","","","","","","","","","","","","","","","","","","","","","","","","","","","","","","","","","","","","","","","","","","","","","","","","","","","","","","","","","","","","","https://www.conair-extractsolutions.co.uk/portfolio-item/ductwork-modification-and-cleaning/","2026-06-03 09:13:42"
"https://www.conair-extractsolutions.co.uk/gallery/page/2/","text/html; charset=iso-8859-1","503","Service Unavailable","Non-Indexable","Server Error","","0","0","","0","0","","0","","0","","0","","0","","0","","","","","","","","","","468","468","468","0.069","","0","","","","","0.000","2","3","","2","1","0","7.690","0","0","0","0","0","0","","","","","","7.188","","","","","","1.1","","","","","","","","","","","","","","","","","","","","","","","","","","","","","","","","","","","","","","","","","","","","","","","","","","","","","","","","","","","","","","","","","","","","","","","","","","","","","","","","","","","","https://www.conair-extractsolutions.co.uk/gallery/page/2/","2026-06-03 09:13:43"
"https://www.conair-extractsolutions.co.uk/portfolio-item/before-and-after-4/","text/html; charset=iso-8859-1","503","Service Unavailable","Non-Indexable","Server Error","","0","0","","0","0","","0","","0","","0","","0","","0","","","","","","","","","","468","468","468","0.069","","0","","","","","0.000","2","2","","1","1","0","7.690","0","0","0","0","0","0","","","","","","8.487","","","","","","1.1","","","","","","","","","","","","","","","","","","","","","","","","","","","","","","","","","","","","","","","","","","","","","","","","","","","","","","","","","","","","","","","","","","","","","","","","","","","","","","","","","","","","https://www.conair-extractsolutions.co.uk/portfolio-item/before-and-after-4/","2026-06-03 09:13:42"
"https://www.conair-extractsolutions.co.uk/portfolio-item/canopy-cleaning-before-and-after-1/","text/html; charset=iso-8859-1","503","Service Unavailable","Non-Indexable","Server Error","","0","0","","0","0","","0","","0","","0","","0","","0","","","","","","","","","","468","468","468","0.069","","0","","","","","0.000","2","2","","2","2","0","15.380","0","0","0","0","0","0","","","","","","7.580","","","","","","1.1","","","","","","","","","","","","","","","","","","","","","","","","","","","","","","","","","","","","","","","","","","","","","","","","","","","","","","","","","","","","","","","","","","","","","","","","","","","","","","","","","","","","https://www.conair-extractsolutions.co.uk/portfolio-item/canopy-cleaning-before-and-after-1/","2026-06-03 09:13:44"
"https://www.conair-extractsolutions.co.uk/portfolio-item/before-and-after-3/","text/html; charset=iso-8859-1","503","Service Unavailable","Non-Indexable","Server Error","","0","0","","0","0","","0","","0","","0","","0","","0","","","","","","","","","","468","468","468","0.069","","0","","","","","0.000","2","2","","1","1","0","7.690","0","0","0","0","0","0","","","","","","8.886","","","","","","1.1","","","","","","","","","","","","","","","","","","","","","","","","","","","","","","","","","","","","","","","","","","","","","","","","","","","","","","","","","","","","","","","","","","","","","","","","","","","","","","","","","","","","https://www.conair-extractsolutions.co.uk/portfolio-item/before-and-after-3/","2026-06-03 09:13:44"
"https://www.conair-extractsolutions.co.uk/portfolio-item/ductwork-cleaning-before-and-after-1/","text/html; charset=iso-8859-1","503","Service Unavailable","Non-Indexable","Server Error","","0","0","","0","0","","0","","0","","0","","0","","0","","","","","","","","","","468","468","468","0.069","","0","","","","","0.000","2","2","","3","3","0","23.080","0","0","0","0","0","0","","","","","","8.552","","","","","","1.1","","","","","","","","","","","","","","","","","","","","","","","","","","","","","","","","","","","","","","","","","","","","","","","","","","","","","","","","","","","","","","","","","","","","","","","","","","","","","","","","","","","","https://www.conair-extractsolutions.co.uk/portfolio-item/ductwork-cleaning-before-and-after-1/","2026-06-03 09:13:45"
"https://www.conair-extractsolutions.co.uk/wp-content/uploads/2014/09/photo-41.jpg","image/jpeg","200","OK","Indexable","","","0","0","","0","0","","0","","0","","0","","0","","0","","","","","","","","","","2215613","2215613","2215613","328.354","","0","","","","","0.000","3","4","","1","1","0","7.690","0","0","0","0","0","0","","","","","","0.098","Mon, 23 Nov 2020 13:47:18 GMT","","","","","1.1","","","","","","","","","","","","","","","","","","","","","","","","","","","","","","","","","","","","","","","","","","","","","","","","","","","","","","","","","","","","","","","","","","","","","","","","","","","","","","","","","","","","https://www.conair-extractsolutions.co.uk/wp-content/uploads/2014/09/photo-41.jpg","2026-06-03 09:13:53"
"https://www.conair-extractsolutions.co.uk/wp-content/uploads/2014/09/photo-23.jpg","image/jpeg","200","OK","Indexable","","","0","0","","0","0","","0","","0","","0","","0","","0","","","","","","","","","","2611263","2611263","2611263","386.989","","0","","","","","0.000","3","4","","1","1","0","7.690","0","0","0","0","0","0","","","","","","0.098","Mon, 23 Nov 2020 13:47:18 GMT","","","","","1.1","","","","","","","","","","","","","","","","","","","","","","","","","","","","","","","","","","","","","","","","","","","","","","","","","","","","","","","","","","","","","","","","","","","","","","","","","","","","","","","","","","","","https://www.conair-extractsolutions.co.uk/wp-content/uploads/2014/09/photo-23.jpg","2026-06-03 09:13:53"
"https://www.conair-extractsolutions.co.uk/wp-content/uploads/2014/09/photo-51.jpg","image/jpeg","200","OK","Indexable","","","0","0","","0","0","","0","","0","","0","","0","","0","","","","","","","","","","2438359","2438359","2438359","361.365","","0","","","","","0.000","3","4","","1","1","0","7.690","0","0","0","0","0","0","","","","","","0.089","Mon, 23 Nov 2020 13:47:18 GMT","","","","","1.1","","","","","","","","","","","","","","","","","","","","","","","","","","","","","","","","","","","","","","","","","","","","","","","","","","","","","","","","","","","","","","","","","","","","","","","","","","","","","","","","","","","","https://www.conair-extractsolutions.co.uk/wp-content/uploads/2014/09/photo-51.jpg","2026-06-03 09:13:54"
"https://www.conair-extractsolutions.co.uk/wp-content/uploads/2014/09/photo-14.jpg","image/jpeg","200","OK","Indexable","","","0","0","","0","0","","0","","0","","0","","0","","0","","","","","","","","","","2276105","2276105","2276105","337.319","","0","","","","","0.000","3","4","","1","1","0","7.690","0","0","0","0","0","0","","","","","","0.100","Mon, 23 Nov 2020 13:47:17 GMT","","","","","1.1","","","","","","","","","","","","","","","","","","","","","","","","","","","","","","","","","","","","","","","","","","","","","","","","","","","","","","","","","","","","","","","","","","","","","","","","","","","","","","","","","","","","https://www.conair-extractsolutions.co.uk/wp-content/uploads/2014/09/photo-14.jpg","2026-06-03 09:13:54"
"https://www.conair-extractsolutions.co.uk/wp-content/uploads/2014/09/photo-32.jpg","image/jpeg","200","OK","Indexable","","","0","0","","0","0","","0","","0","","0","","0","","0","","","","","","","","","","2543884","2543884","2543884","377.004","","0","","","","","0.000","3","4","","1","1","0","7.690","0","0","0","0","0","0","","","","","","0.097","Mon, 23 Nov 2020 13:47:18 GMT","","","","","1.1","","","","","","","","","","","","","","","","","","","","","","","","","","","","","","","","","","","","","","","","","","","","","","","","","","","","","","","","","","","","","","","","","","","","","","","","","","","","","","","","","","","","https://www.conair-extractsolutions.co.uk/wp-content/uploads/2014/09/photo-32.jpg","2026-06-03 09:13:54"
"http://www.conair-extractsolutions.co.uk/","text/html; charset=UTF-8","301","Moved Permanently","Non-Indexable","Redirected","","0","0","","0","0","","0","","0","","0","","0","","0","","","","","","","","","","0","0","0","0.000","","0","","","","","0.000","1","0","","13","13","0","100.000","0","0","0","0","0","0","","","","","","8.896","","https://www.conair-extractsolutions.co.uk/","HTTP Redirect","","","1.1","","","","","","","","","","","","","","","","","","","","","","","","","","","","","","","","","","","","","","","","","","","","","","","","","","","","","","","","","","","","","","","","","","","","","","","","","","","","","","","","","","","","http://www.conair-extractsolutions.co.uk/","2026-06-03 09:13:45"
"https://www.conair-extractsolutions.co.uk/portfolio-item/ductwork-installation-2/","text/html; charset=iso-8859-1","503","Service Unavailable","Non-Indexable","Server Error","","0","0","","0","0","","0","","0","","0","","0","","0","","","","","","","","","","468","468","468","0.069","","0","","","","","0.000","2","2","","1","1","0","7.690","0","0","0","0","0","0","","","","","","10.082","","","","","","1.1","","","","","","","","","","","","","","","","","","","","","","","","","","","","","","","","","","","","","","","","","","","","","","","","","","","","","","","","","","","","","","","","","","","","","","","","","","","","","","","","","","","","https://www.conair-extractsolutions.co.uk/portfolio-item/ductwork-installation-2/","2026-06-03 09:13:45"
"https://www.conair-extractsolutions.co.uk/cafe-la-mer/","text/html; charset=iso-8859-1","503","Service Unavailable","Non-Indexable","Server Error","","0","0","","0","0","","0","","0","","0","","0","","0","","","","","","","","","","468","468","468","0.069","","0","","","","","0.000","2","1","","6","6","0","46.150","0","0","0","0","0","0","","","","","","6.498","","","","","","1.1","","","","","","","","","","","","","","","","","","","","","","","","","","","","","","","","","","","","","","","","","","","","","","","","","","","","","","","","","","","","","","","","","","","","","","","","","","","","","","","","","","","","https://www.conair-extractsolutions.co.uk/cafe-la-mer/","2026-06-03 09:13:50"
"https://www.conair-extractsolutions.co.uk/portfolio-item/ductwork-installation/","text/html; charset=UTF-8","200","OK","Indexable","","Ductwork Installation - Con Air Extract Solutions | Con Air Extract Solutions","77","661","","0","0","","0","Ductwork Installation","21","","0","","0","","0","","","","https://www.conair-extractsolutions.co.uk/portfolio-item/ductwork-installation/","","","","","","22972","6323","6323","0.937","","114","33","3.455","77.171","Fairly Easy","3.478","2","2","","2","2","0","15.380","24","23","0","5","3","0","","","","","267c153ae416bd06e6aa2bef81f20800","9.992","","","","","en-US","1.1","","","","","","","","","","","","96","1883.122","3674.282","2179.147","2179.147","0.000","0.000","10720","0","27","198786","6678","1","42418","4","27653","11","77354","10","44683","1","0","0","0","0","5164","4","","","","","","0","0","0","0","0","10720","0","0","65.358","Good","168.143","Good","198786","0","Avoids redirects","Server responds quickly (observed 1 ms)","Applies text compression","1 issue found","4 resources found","4961","","1946","186944","1 resource found","176","21600","0","0","","40","1 resource found","100","","","100","","","","","","https://www.conair-extractsolutions.co.uk/portfolio-item/ductwork-installation/","2026-06-03 09:13:47"
"https://www.conair-extractsolutions.co.uk/wp-content/uploads/2014/09/SAM_0789-e1438710735319.jpg","image/jpeg","200","OK","Indexable","","","0","0","","0","0","","0","","0","","0","","0","","0","","","","","","","","","","417614","417614","417614","61.890","","0","","","","","0.000","3","4","","1","1","0","7.690","0","0","0","0","0","0","","","","","","0.092","Mon, 23 Nov 2020 13:47:17 GMT","","","","","1.1","","","","","","","","","","","","","","","","","","","","","","","","","","","","","","","","","","","","","","","","","","","","","","","","","","","","","","","","","","","","","","","","","","","","","","","","","","","","","","","","","","","","https://www.conair-extractsolutions.co.uk/wp-content/uploads/2014/09/SAM_0789-e1438710735319.jpg","2026-06-03 09:13:57"
"https://www.conair-extractsolutions.co.uk/raddys-cafe-bar/","text/html; charset=iso-8859-1","503","Service Unavailable","Non-Indexable","Server Error","","0","0","","0","0","","0","","0","","0","","0","","0","","","","","","","","","","468","468","468","0.069","","0","","","","","0.000","2","1","","4","4","0","30.770","0","0","0","0","0","0","","","","","","7.716","","","","","","1.1","","","","","","","","","","","","","","","","","","","","","","","","","","","","","","","","","","","","","","","","","","","","","","","","","","","","","","","","","","","","","","","","","","","","","","","","","","","","","","","","","","","","https://www.conair-extractsolutions.co.uk/raddys-cafe-bar/","2026-06-03 09:13:49"
"https://www.conair-extractsolutions.co.uk/testimonials/","text/html; charset=iso-8859-1","503","Service Unavailable","Non-Indexable","Server Error","","0","0","","0","0","","0","","0","","0","","0","","0","","","","","","","","","","468","468","468","0.069","","0","","","","","0.000","2","1","","9","9","0","69.230","0","0","0","0","0","0","","","","","","7.293","","","","","","1.1","","","","","","","","","","","","","","","","","","","","","","","","","","","","","","","","","","","","","","","","","","","","","","","","","","","","","","","","","","","","","","","","","","","","","","","","","","","","","","","","","","","","https://www.conair-extractsolutions.co.uk/testimonials/","2026-06-03 09:13:52"
"https://www.conair-extractsolutions.co.uk/author/infoconair-extractsolutions-co-uk/","text/html; charset=iso-8859-1","503","Service Unavailable","Non-Indexable","Server Error","","0","0","","0","0","","0","","0","","0","","0","","0","","","","","","","","","","468","468","468","0.069","","0","","","","","0.000","2","2","","23","8","0","61.540","0","0","0","0","0","0","","","","","","10.100","","","","","","1.1","","","","","","","","","","","","","","","","","","","","","","","","","","","","","","","","","","","","","","","","","","","","","","","","","","","","","","","","","","","","","","","","","","","","","","","","","","","","","","","","","","","","https://www.conair-extractsolutions.co.uk/author/infoconair-extractsolutions-co-uk/","2026-06-03 09:13:50"
"https://www.conair-extractsolutions.co.uk/papas-traditional-fish-chips/","text/html; charset=iso-8859-1","503","Service Unavailable","Non-Indexable","Server Error","","0","0","","0","0","","0","","0","","0","","0","","0","","","","","","","","","","468","468","468","0.069","","0","","","","","0.000","2","1","","6","6","0","46.150","0","0","0","0","0","0","","","","","","10.385","","","","","","1.1","","","","","","","","","","","","","","","","","","","","","","","","","","","","","","","","","","","","","","","","","","","","","","","","","","","","","","","","","","","","","","","","","","","","","","","","","","","","","","","","","","","","https://www.conair-extractsolutions.co.uk/papas-traditional-fish-chips/","2026-06-03 09:13:51"
"https://www.conair-extractsolutions.co.uk/latest-news/","text/html; charset=UTF-8","200","OK","Indexable","","Latest News - Con Air Extract Solutions | Con Air Extract Solutions","67","585","","0","0","","0","Latest News","11","","0","Hadley’s at Number One","22","The Old Vicarage Nursing Home – Bridgwater","42","","","","https://www.conair-extractsolutions.co.uk/latest-news/","","","","","","31114","7360","7360","1.091","","559","116","4.819","87.983","Easy","10.290","2","1","","19","9","0","69.230","55","26","0","5","3","0","","","","","832ed537d5a863c53a40058d4b650950","9.890","","","","","en-US","1.1","","","","","","","","","","","","95","2182.981","2333.244","2590.977","2590.977","0.000","0.000","10732","0","25","189198","7715","1","31726","2","27720","11","77354","10","44683","1","0","0","0","0","5231","4","","","","","","0","0","0","0","0","10732","0","0","136.793","Good","472.010","Good","189198","0","Avoids redirects","Server responds quickly (observed 2 ms)","Applies text compression","1 issue found","4 resources found","5581","","933","176252","1 resource found","288","21600","0","0","","20","1 resource found","100","","","100","","","","","","https://www.conair-extractsolutions.co.uk/latest-news/","2026-06-03 09:13:53"
"https://www.conair-extractsolutions.co.uk/murrays-clevedon/","text/html; charset=UTF-8","200","OK","Indexable","","Murrays of Clevedon - Con Air Extract Solutions | Con Air Extract Solutions","75","656","","0","0","","0","Recent Projects","15","Murrays of Clevedon","19","","0","","0","","","","https://www.conair-extractsolutions.co.uk/murrays-clevedon/","","","","","","24640","6664","6664","0.988","","222","57","3.895","76.744","Fairly Easy","5.731","3","1","","2","2","0","15.380","31","24","0","6","4","0","","","","","1fd8d8d5c040a98b6739878fdabf5666","3.525","","","","","en-US","1.1","","","","","","","","","","","","96","2172.577","2250.963","2435.506","2435.506","0.000","0.000","10652","0","25","188503","7020","1","31726","2","27720","11","77354","10","44683","1","0","0","0","0","5231","4","","","","","","0","0","0","0","0","10652","0","0","109.538","Good","387.817","Good","188503","0","Avoids redirects","Server responds quickly (observed 2 ms)","Applies text compression","1 issue found","4 resources found","4960","","881","176252","1 resource found","216","21600","0","0","","20","1 resource found","100","","","100","","","","","","https://www.conair-extractsolutions.co.uk/murrays-clevedon/","2026-06-03 09:14:03"
